step3_acceptance_rank,step3_resume_new_rank,step3_resume_seed_row,step3_resume_new_row,status,year,line,delta_min,section_from_station,section_departure_time_mod120,section_to_station,section_arrival_time_mod120,physical_shift_id,step3_source_physical_shift_id,marginal_reference_pax_minutes_saved,marginal_reference_weight_touched,marginal_reference_paths_touched,marginal_reference_invalidated_daily_pax,marginal_reference_mean_total_delta_min,combined_reference_increment_pax_minutes,combined_reference_pax_minutes_saved_after_acceptance,candidate_stations,matched_cells,changed_cells,marginal_example_od,step3_interrupted_resume_rank,step3_recovered_from_log,apply_status,apply_reason,combined_reference_pax_minutes_saved_before_acceptance,actions,source_candidate_ids,input_candidate_rows_merged,candidate_id,recommended_next_step,safety_flags,action,net_pax_minutes_proxy,gross_gain_pax_minutes_proxy,gross_loss_pax_minutes_proxy,existing_gain_daily_pax_proxy,existing_gain_pax_minutes,near_miss_gain_daily_pax_proxy,near_miss_gain_pax_minutes,existing_worsened_daily_pax_proxy,existing_worsened_pax_minutes,broken_existing_daily_pax_proxy,broken_existing_pax_minutes_proxy,affected_existing_transfer_events,affected_near_miss_events,unlocked_near_miss_events,partly_improved_near_miss_events,broken_existing_transfer_events,same_line_pair_count,estimated_daily_pax_proxy_sum,estimated_pax_minutes_proxy_sum,impact_rows,candidate_types,transfer_stations,affected_transfer_pairs,net_affected_transfer_stations,net_affected_transfer_pairs,example_event_pairs,reason_examples,min_can_shift_earlier_min,min_can_shift_later_min,feasibility_notes,step3_generation_method,iteration_scored,marginal_reference_invalidated_paths,marginal_reference_rolling_share_delta,step3_near_miss_score_pax_minutes,step3_selection_score,recovery_source_log,resume_seed_apply_status,resume_seed_matched_cells,resume_seed_changed_cells,resume_run_year
1,,1,0,accepted_step3_suggestion,2026,IR 15,-2,Morges,01:26,Lausanne,01:37,2026|physical|IR 15|-2|Morges|01:26|Lausanne|01:37,2026|physical|IR 15|3|Morges|01:26|Lausanne|01:37,1678.884626,1489.317809,25998,0.0,-1.127284329,1678.884626,1678.884626,Lausanne; Morges,2,2,Allaman->dest_idx_4 weight=0 total 150.000->150.000,,,accepted,,0.0,shift_arrival_line_later,2026|02185|shift_arrival_line_later|IR 15|3|Morges|01:26|Lausanne|01:37,1,2026|02185|shift_arrival_line_later|IR 15|3|Morges|01:26|Lausanne|01:37,promising_for_targeted_reroute,,shift_arrival_line_later,232.818947,339.251053,106.432105,113.083684,339.251053,0.0,0.0,35.477368,106.432105,0.0,0.0,30,0,0,0,0,0,113.08369,339.25106,20,improve_existing_transfer,Lausanne,IR 15->IC 1; IR 15->IR 90,Lausanne; Morges,IR 15->IC 1; IR 15->IR 90; R 9->IR 15,05:37->05:46; 05:37->05:48; 07:37->07:46; 07:37->07:48; 09:37->09:46; 09:37->09:48; 11:37->11:46; 11:37->11:48; 13:37->13:46; 13:37->13:48; 15:37->15:46; 15:37->15:48; 17:37->17:46; 17:37->17:48; 19:37->19:46; 19:37->19:48; 21:37->21:46; 21:37->21:48; 23:37->23:46; 23:37->23:48,Reduce current 11min transfer toward station minimum 5min.; Reduce current 9min transfer toward station minimum 5min.,2,3,,expanded_delta_from_existing_transfer_context,1,0,0.0224806,0.0,1678.884626,,accepted,2,2,2026
2,,1,0,accepted_step3_suggestion,2026,IR 15,2,Genève,00:54,Nyon,01:07,2026|physical|IR 15|2|Genève|00:54|Nyon|01:07,2026|physical|IR 15|-2|Genève|00:54|Nyon|01:07,1394.162876,1537.600816,5189,0.0,-0.906713148,1394.162876,3073.047502,Genève; Nyon,2,2,Annemasse->dest_idx_5 weight=0 total 267.000->267.000,,,accepted,,1678.884626,shift_departure_line_earlier,2026|03700|shift_departure_line_earlier|IR 15|-2|Genève|00:54|Nyon|01:07,1,2026|03700|shift_departure_line_earlier|IR 15|-2|Genève|00:54|Nyon|01:07,promising_for_targeted_reroute,,shift_departure_line_earlier,212.098737,212.098737,0.0,106.049368,212.098737,0.0,0.0,0.0,0.0,0.0,0.0,27,9,0,9,0,0,106.049367,212.098734,27,improve_existing_transfer,Genève,L 2->IR 15; L 4->IR 15; L 5->IR 15,Genève; Nyon,IR 15->RE 33; L 2->IR 15; L 4->IR 15; L 5->IR 15,06:42->06:54; 06:43->06:54; 06:44->06:54; 08:42->08:54; 08:43->08:54; 08:44->08:54; 10:42->10:54; 10:43->10:54; 10:44->10:54; 12:42->12:54; 12:43->12:54; 12:44->12:54; 14:42->14:54; 14:43->14:54; 14:44->14:54; 16:42->16:54; 16:43->16:54; 16:44->16:54; 18:42->18:54; 18:43->18:54,Reduce current 10min transfer toward station minimum 6min.; Reduce current 11min transfer toward station minimum 6min.; Reduce current 12min transfer toward station minimum 6min.,2,2,,expanded_delta_from_existing_transfer_context,2,0,0.015539142,0.0,1394.162876,,accepted,2,2,2026
3,,1,0,accepted_step3_suggestion,2026,S 10,-2,Giubiasco,01:39,Bellinzona,01:43,2026|physical|S 10|-2|Giubiasco|01:39|Bellinzona|01:43,2026|physical|S 10|-2|Giubiasco|01:39|Bellinzona|01:43,1313.688231,757.54572,3593,0.0,-1.734137223,1313.688231,4386.735733,Bellinzona; Giubiasco,2,2,Agno->dest_idx_10 weight=0 total 230.000->230.000,,,accepted,,3073.047502,shift_departure_line_earlier,2026|10425|shift_departure_line_earlier|S 10|-2|Giubiasco|01:39|Bellinzona|01:43,1,2026|10425|shift_departure_line_earlier|S 10|-2|Giubiasco|01:39|Bellinzona|01:43,promising_for_targeted_reroute,,shift_departure_line_earlier,15.793666,53.457804,37.664138,7.896842,15.793684,18.83206,37.66412,18.832069,37.664138,0.0,0.0,20,20,0,20,0,0,7.89684,15.79368,10,improve_existing_transfer,Giubiasco,S 90->S 10,Bellinzona; Giubiasco,S 10->IC 2; S 10->IC 21; S 10->S 20; S 90->S 10,05:34->05:39; 07:34->07:39; 09:34->09:39; 11:34->11:39; 13:34->13:39; 15:34->15:39; 17:34->17:39; 19:34->19:39; 21:34->21:39; 23:34->23:39,Reduce current 5min transfer toward station minimum 2min.,2,7,,expanded_delta_from_existing_transfer_context,3,0,0.069025806,9.41603,1323.104261,,accepted,2,2,2026
4,,1,0,accepted_step3_suggestion,2026,IR 66,-2,Ins,01:18,Neuchâtel,01:28,2026|physical|IR 66|-2|Ins|01:18|Neuchâtel|01:28,2026|physical|IR 66|1|Ins|01:18|Neuchâtel|01:28,1285.692233,1129.199392,27255,0.0,-1.138587429,1285.692232,5672.427965,Ins; Neuchâtel,2,2,Aadorf->dest_idx_238 weight=0 total 186.000->186.000,,,accepted,,4386.735733,shift_arrival_line_later,2026|04194|shift_arrival_line_later|IR 66|1|Ins|01:18|Neuchâtel|01:28,1,2026|04194|shift_arrival_line_later|IR 66|1|Ins|01:18|Neuchâtel|01:28,promising_for_targeted_reroute,,shift_arrival_line_later,185.545263,185.545263,0.0,185.545263,185.545263,0.0,0.0,0.0,0.0,0.0,0.0,40,10,0,10,0,0,185.54527,185.54527,40,improve_existing_transfer,Neuchâtel,IR 66->IC 5; IR 66->R 13; IR 66->R 21; IR 66->R 23,Ins; Neuchâtel,IR 66->IC 5; IR 66->R 13; IR 66->R 21; IR 66->R 23; S 5->IR 66,05:28->05:36; 05:28->05:38; 05:28->05:39; 05:28->05:41; 07:28->07:36; 07:28->07:38; 07:28->07:39; 07:28->07:41; 09:28->09:36; 09:28->09:38; 09:28->09:39; 09:28->09:41; 11:28->11:36; 11:28->11:38; 11:28->11:39; 11:28->11:41; 13:28->13:36; 13:28->13:38; 13:28->13:39; 13:28->13:41,Reduce current 10min transfer toward station minimum 4min.; Reduce current 11min transfer toward station minimum 4min.; Reduce current 13min transfer toward station minimum 4min.; Reduce current 8min transfer toward station minimum 4min.,2,1,,expanded_delta_from_existing_transfer_context,4,0,0.023224362,0.0,1285.692233,,accepted,2,2,2026
5,,1,0,accepted_step3_suggestion,2026,S 10,-2,Giubiasco,01:09,Bellinzona,01:13,2026|physical|S 10|-2|Giubiasco|01:09|Bellinzona|01:13,2026|physical|S 10|-2|Giubiasco|01:09|Bellinzona|01:13,1176.587851,673.134158,4250,0.0,-1.747924743,1176.587851,6849.015816,Bellinzona; Giubiasco,4,4,Agno->dest_idx_89 weight=1.041 total 54.000->52.000,,,accepted,,5672.427965,shift_departure_line_earlier,2026|10505|shift_departure_line_earlier|S 10|-2|Giubiasco|01:09|Bellinzona|01:13,1,2026|10505|shift_departure_line_earlier|S 10|-2|Giubiasco|01:09|Bellinzona|01:13,promising_for_targeted_reroute,,shift_departure_line_earlier,15.793666,53.457804,37.664138,7.896842,15.793684,18.83206,37.66412,18.832069,37.664138,0.0,0.0,20,20,0,20,0,0,7.107156,14.214312,9,improve_existing_transfer,Giubiasco,S 90->S 10,Bellinzona; Giubiasco,S 10->IC 2; S 10->S 20; S 90->S 10,07:04->07:09; 09:04->09:09; 11:04->11:09; 13:04->13:09; 15:04->15:09; 17:04->17:09; 19:04->19:09; 21:04->21:09; 23:04->23:09,Reduce current 5min transfer toward station minimum 2min.,2,7,,expanded_delta_from_existing_transfer_context,5,0,0.070489455,9.41603,1186.003881,,accepted,4,4,2026
6,,1,0,accepted_step3_suggestion,2026,L 4,1,Genève,01:16,Lancy-Pont-Rouge,01:21,2026|physical|L 4|1|Genève|01:16|Lancy-Pont-Rouge|01:21,2026|physical|L 4|-2|Genève|01:16|Lancy-Pont-Rouge|01:21,1039.970446,1751.97167,1254,0.0,-0.593600036,1039.970446,7888.986262,Genève; Lancy-Pont-Rouge,2,2,Aareschlucht West->dest_idx_40 weight=0 total 272.000->272.000,,,accepted,,6849.015816,shift_departure_line_earlier,2026|02364|shift_departure_line_earlier|L 4|-2|Genève|01:16|Lancy-Pont-Rouge|01:21,1,2026|02364|shift_departure_line_earlier|L 4|-2|Genève|01:16|Lancy-Pont-Rouge|01:21,promising_for_targeted_reroute,,shift_departure_line_earlier,317.681053,317.681053,0.0,158.840526,317.681053,0.0,0.0,0.0,0.0,0.0,0.0,20,0,0,0,0,0,158.84053,317.68105,20,improve_existing_transfer,Genève,IR 15->L 4; IR 90->L 4,Genève,IR 15->L 4; IR 90->L 4,05:02->05:16; 05:05->05:16; 07:02->07:16; 07:05->07:16; 09:02->09:16; 09:05->09:16; 11:02->11:16; 11:05->11:16; 13:02->13:16; 13:05->13:16; 15:02->15:16; 15:05->15:16; 17:02->17:16; 17:05->17:16; 19:02->19:16; 19:05->19:16; 21:02->21:16; 21:05->21:16; 23:02->23:16; 23:05->23:16,Reduce current 11min transfer toward station minimum 6min.; Reduce current 14min transfer toward station minimum 6min.,2,1,,expanded_delta_from_existing_transfer_context,6,0,0.023728742,0.0,1039.970446,,accepted,2,2,2026
7,,1,0,accepted_step3_suggestion,2026,L 4,-1,Lancy-Pont-Rouge,01:52,Genève,01:58,2026|physical|L 4|-1|Lancy-Pont-Rouge|01:52|Genève|01:58,2026|physical|L 4|1|Lancy-Pont-Rouge|01:52|Genève|01:58,969.729605,1760.735221,6660,0.0,-0.550752659,969.729605,8858.715867,Genève; Lancy-Pont-Rouge,2,2,Annemasse->dest_idx_1 weight=0.013 total 174.000->174.000,,,accepted,,7888.986262,shift_arrival_line_later,2026|04426|shift_arrival_line_later|L 4|1|Lancy-Pont-Rouge|01:52|Genève|01:58,1,2026|04426|shift_arrival_line_later|L 4|1|Lancy-Pont-Rouge|01:52|Genève|01:58,promising_for_targeted_reroute,,shift_arrival_line_later,261.0415,261.0415,0.0,261.0415,261.0415,0.0,0.0,0.0,0.0,0.0,0.0,18,0,0,0,0,0,175.451004,175.451004,9,improve_existing_transfer,Genève,L 4->IR 90,Genève,L 4->IR 15; L 4->IR 90,05:58->06:05; 07:58->08:05; 09:58->10:05; 11:58->12:05; 13:58->14:05; 15:58->16:05; 17:58->18:05; 19:58->20:05; 21:58->22:05,Reduce current 7min transfer toward station minimum 6min.,1,2,,expanded_delta_from_existing_transfer_context,7,0,0.02185425,0.0,969.729605,,accepted,2,2,2026
8,,1,0,accepted_step3_suggestion,2026,L 2,1,Genève,01:46,Lancy-Pont-Rouge,01:51,2026|physical|L 2|1|Genève|01:46|Lancy-Pont-Rouge|01:51,2026|physical|L 2|-2|Genève|01:46|Lancy-Pont-Rouge|01:51,963.401071,1713.606201,810,0.0,-0.562206807,963.401071,9822.116938,Genève; Lancy-Pont-Rouge,2,2,Aigle->dest_idx_40 weight=0.394 total 118.000->118.000,,,accepted,,8858.715867,shift_departure_line_earlier,2026|02004|shift_departure_line_earlier|L 2|-2|Genève|01:46|Lancy-Pont-Rouge|01:51,1,2026|02004|shift_departure_line_earlier|L 2|-2|Genève|01:46|Lancy-Pont-Rouge|01:51,promising_for_targeted_reroute,,shift_departure_line_earlier,359.215789,359.215789,0.0,179.607895,359.215789,0.0,0.0,0.0,0.0,0.0,0.0,20,0,0,0,0,0,179.6079,359.21579,20,improve_existing_transfer,Genève,IC 1->L 2; IR 95->L 2,Genève,IC 1->L 2; IR 95->L 2,05:32->05:46; 05:35->05:46; 07:32->07:46; 07:35->07:46; 09:32->09:46; 09:35->09:46; 11:32->11:46; 11:35->11:46; 13:32->13:46; 13:35->13:46; 15:32->15:46; 15:35->15:46; 17:32->17:46; 17:35->17:46; 19:32->19:46; 19:35->19:46; 21:32->21:46; 21:35->21:46; 23:32->23:46; 23:35->23:46,Reduce current 11min transfer toward station minimum 6min.; Reduce current 14min transfer toward station minimum 6min.,2,1,,expanded_delta_from_existing_transfer_context,8,0,0.022932665,0.0,963.401071,,accepted,2,2,2026
9,,1,0,accepted_step3_suggestion,2026,RE 33,2,Genève,01:23,Lancy-Pont-Rouge,01:28,2026|physical|RE 33|2|Genève|01:23|Lancy-Pont-Rouge|01:28,2026|physical|RE 33|-2|Genève|01:23|Lancy-Pont-Rouge|01:28,866.45822,1087.950839,648,0.0,-0.796413026,866.45822,10688.575158,Genève; Lancy-Pont-Rouge,2,2,Aigle->dest_idx_40 weight=0.562 total 111.000->111.000,,,accepted,,9822.116938,shift_departure_line_earlier,2026|06618|shift_departure_line_earlier|RE 33|-2|Genève|01:23|Lancy-Pont-Rouge|01:28,1,2026|06618|shift_departure_line_earlier|RE 33|-2|Genève|01:23|Lancy-Pont-Rouge|01:28,promising_for_targeted_reroute,,shift_departure_line_earlier,100.580526,100.580526,0.0,50.290263,100.580526,0.0,0.0,0.0,0.0,0.0,0.0,10,0,0,0,0,0,50.29026,100.58053,10,improve_existing_transfer,Genève,L 5->RE 33,Genève,L 5->RE 33,05:12->05:23; 07:12->07:23; 09:12->09:23; 11:12->11:23; 13:12->13:23; 15:12->15:23; 17:12->17:23; 19:12->19:23; 21:12->21:23; 23:12->23:23,Reduce current 11min transfer toward station minimum 6min.,2,2,,expanded_delta_from_existing_transfer_context,9,0,0.043360728,0.0,866.45822,,accepted,2,2,2026
10,,1,0,accepted_step3_suggestion,2026,IR 70,-2,Zürich Flughafen,01:23,Winterthur,01:36,2026|physical|IR 70|-2|Zürich Flughafen|01:23|Winterthur|01:36,2026|physical|IR 70|1|Zürich Flughafen|01:23|Winterthur|01:36,862.303681,1805.719205,8876,0.0,-0.477540295,862.303681,11550.878839,Winterthur; Zürich Flughafen,2,2,Aarburg-Oftringen->dest_idx_83 weight=0.001 total 128.000->128.000,,,accepted,,10688.575158,shift_arrival_line_later,2026|05033|shift_arrival_line_later|IR 70|1|Zürich Flughafen|01:23|Winterthur|01:36,1,2026|05033|shift_arrival_line_later|IR 70|1|Zürich Flughafen|01:23|Winterthur|01:36,promising_for_targeted_reroute,,shift_arrival_line_later,188.205263,188.205263,0.0,188.205263,188.205263,0.0,0.0,0.0,0.0,0.0,0.0,40,20,0,20,0,0,151.93578,151.93578,30,improve_existing_transfer,Winterthur,IR 70->J / S 12; IR 70->S 29; IR 70->S 35,Winterthur; Zürich Flughafen,B / S 2->IR 70; D / S 24->IR 70; IR 70->J / S 12; IR 70->S 29; IR 70->S 35; IR 70->X / S 26,05:36->05:42; 07:36->07:42; 09:36->09:42; 11:36->11:42; 13:36->13:42; 15:36->15:42; 17:36->17:42; 19:36->19:42; 21:36->21:42; 23:36->23:42,Reduce current 6min transfer toward station minimum 5min.,2,2,,expanded_delta_from_existing_transfer_context,10,0,0.01169061,0.0,862.303681,,accepted,2,2,2026
11,,1,0,accepted_step3_suggestion,2026,IC 51,-2,Grenchen Nord,01:31,Biel/Bienne,01:41,2026|physical|IC 51|-2|Grenchen Nord|01:31|Biel/Bienne|01:41,2026|physical|IC 51|1|Grenchen Nord|01:31|Biel/Bienne|01:41,847.56898,897.383216,15257,0.0,-0.944489449,847.56898,12398.447819,Biel/Bienne; Grenchen Nord,2,2,Aesch BL->dest_idx_16 weight=0.001 total 191.000->191.000,,,accepted,,11550.878839,shift_arrival_line_later,2026|08715|shift_arrival_line_later|IC 51|1|Grenchen Nord|01:31|Biel/Bienne|01:41,1,2026|08715|shift_arrival_line_later|IC 51|1|Grenchen Nord|01:31|Biel/Bienne|01:41,promising_for_targeted_reroute,,shift_arrival_line_later,225.138421,225.138421,0.0,225.138421,225.138421,0.0,0.0,0.0,0.0,0.0,0.0,60,0,0,0,0,0,49.10526,49.10526,10,improve_existing_transfer,Biel/Bienne,IC 51->RE 4,Biel/Bienne,IC 51->IR 65; IC 51->R 13; IC 51->RE 4; IC 51->S 20; IC 51->S 3; IC 51->S 37,05:41->05:47; 07:41->07:47; 09:41->09:47; 11:41->11:47; 13:41->13:47; 15:41->15:47; 17:41->17:47; 19:41->19:47; 21:41->21:47; 23:41->23:47,Reduce current 6min transfer toward station minimum 5min.,2,7,,expanded_delta_from_existing_transfer_context,11,0,0.017833541,0.0,847.56898,,accepted,2,2,2026
,,1,0,accepted_step3_recovered_from_interrupted_resume_log,2026,IR 95,-1,Vevey,01:30,Lausanne,01:46,2026|physical|IR 95|-1|Vevey|01:30|Lausanne|01:46,2026|physical|IR 95|-1|Vevey|01:30|Lausanne|01:46,754.080348,1942.492609,11118,0.0,-0.388202428,,754.08,Lausanne; Vevey,,,Acla da Fontauna->dest_idx_725 weight=0 total 328.000->327.000,1,1,,,,shift_departure_line_earlier,2026|04811|shift_departure_line_earlier|IR 95|-1|Vevey|01:30|Lausanne|01:46,1,2026|04811|shift_departure_line_earlier|IR 95|-1|Vevey|01:30|Lausanne|01:46,promising_for_targeted_reroute,,shift_departure_line_earlier,224.631829,359.299198,134.667368,160.233158,160.233158,199.06604,199.06604,134.667368,134.667368,0.0,0.0,30,30,0,30,0,0,160.23315,160.23315,20,improve_existing_transfer,Vevey,R 35->IR 95; R 7->IR 95,Lausanne; Vevey,IR 95->IC 1; IR 95->IR 90; IR 95->R 3; IR 95->S 30; R 35->IR 95; R 7->IR 95,05:25->05:30; 05:26->05:30; 07:25->07:30; 07:26->07:30; 09:25->09:30; 09:26->09:30; 11:25->11:30; 11:26->11:30; 13:25->13:30; 13:26->13:30; 15:25->15:30; 15:26->15:30; 17:25->17:30; 17:26->17:30; 19:25->19:30; 19:26->19:30; 21:25->21:30; 21:26->21:30; 23:25->23:30; 23:26->23:30,Reduce current 4min transfer toward station minimum 2min.; Reduce current 5min transfer toward station minimum 2min.,1,6,,expanded_delta_from_existing_transfer_context,11,0,0.006853356,49.76651,803.846858,"<USER_HOME>/iCloud Drive (Archive)/Documents/Documents - Matthias’s 16"" MacBook Pro (246)/Paper Pythons/Master Thesis/2nd Half of Project (Comparison 2026 and 2035)/transfer_optimization_tables/STEP3_SEARCH_RESUME_5H/year_2026/Step3_timetable_suggestion_search.log",accepted,2,2,2026
,,1,0,accepted_step3_recovered_from_interrupted_resume_log,2026,S 10,2,Bellinzona,01:16,Giubiasco,01:20,2026|physical|S 10|2|Bellinzona|01:16|Giubiasco|01:20,2026|physical|S 10|2|Bellinzona|01:16|Giubiasco|01:20,751.169024,523.281679,3497,0.0,-1.43549651,,1505.249,Bellinzona; Giubiasco,,,Aadorf->dest_idx_470 weight=0.001 total 169.000->171.000,2,1,,,,shift_arrival_line_later,2026|03452|shift_arrival_line_later|S 10|2|Bellinzona|01:16|Giubiasco|01:20,1,2026|03452|shift_arrival_line_later|S 10|2|Bellinzona|01:16|Giubiasco|01:20,promising_for_targeted_reroute,,shift_arrival_line_later,181.493192,296.733894,115.240702,113.794737,227.589474,34.57221,69.14442,57.620351,115.240702,0.0,0.0,20,20,0,20,0,0,113.79474,227.58947,10,improve_existing_transfer,Giubiasco,S 10->S 90,Bellinzona; Giubiasco,IC 2->S 10; S 10->S 90; S 20->S 10,05:20->05:24; 07:20->07:24; 09:20->09:24; 11:20->11:24; 13:20->13:24; 15:20->15:24; 17:20->17:24; 19:20->19:24; 21:20->21:24; 23:20->23:24,Reduce current 4min transfer toward station minimum 2min.,7,3,,expanded_delta_from_existing_transfer_context,11,0,0.046970961,17.286105,768.455129,"<USER_HOME>/iCloud Drive (Archive)/Documents/Documents - Matthias’s 16"" MacBook Pro (246)/Paper Pythons/Master Thesis/2nd Half of Project (Comparison 2026 and 2035)/transfer_optimization_tables/STEP3_SEARCH_RESUME_5H/year_2026/Step3_timetable_suggestion_search.log",accepted,2,2,2026
,,1,0,accepted_step3_recovered_from_interrupted_resume_log,2026,IR 66,-2,Chambrelien,01:21,Neuchâtel,01:30,2026|physical|IR 66|-2|Chambrelien|01:21|Neuchâtel|01:30,2026|physical|IR 66|2|Chambrelien|01:21|Neuchâtel|01:30,712.458805,831.52129,30378,0.0,-0.856813666,,2217.708,Chambrelien; Neuchâtel,,,Bollement->dest_idx_3 weight=0 total 140.000->140.000,3,1,,,,shift_arrival_line_later,2026|01194|shift_arrival_line_later|IR 66|2|Chambrelien|01:21|Neuchâtel|01:30,1,2026|01194|shift_arrival_line_later|IR 66|2|Chambrelien|01:21|Neuchâtel|01:30,promising_for_targeted_reroute,,shift_arrival_line_later,502.017895,502.017895,0.0,251.008947,502.017895,0.0,0.0,0.0,0.0,0.0,0.0,40,0,0,0,0,0,251.00894,502.01789,40,improve_existing_transfer,Neuchâtel,IR 66->IC 5; IR 66->R 13; IR 66->R 21; IR 66->R 23,Neuchâtel,IR 66->IC 5; IR 66->R 13; IR 66->R 21; IR 66->R 23,05:30->05:36; 05:30->05:38; 05:30->05:39; 05:30->05:41; 07:30->07:36; 07:30->07:38; 07:30->07:39; 07:30->07:41; 09:30->09:36; 09:30->09:38; 09:30->09:39; 09:30->09:41; 11:30->11:36; 11:30->11:38; 11:30->11:39; 11:30->11:41; 13:30->13:36; 13:30->13:38; 13:30->13:39; 13:30->13:41,Reduce current 11min transfer toward station minimum 4min.; Reduce current 6min transfer toward station minimum 4min.; Reduce current 8min transfer toward station minimum 4min.; Reduce current 9min transfer toward station minimum 4min.,2,2,,expanded_delta_from_existing_transfer_context,11,0,0.022048211,0.0,712.458805,"<USER_HOME>/iCloud Drive (Archive)/Documents/Documents - Matthias’s 16"" MacBook Pro (246)/Paper Pythons/Master Thesis/2nd Half of Project (Comparison 2026 and 2035)/transfer_optimization_tables/STEP3_SEARCH_RESUME_5H/year_2026/Step3_timetable_suggestion_search.log",accepted,2,2,2026
,,1,0,accepted_step3_recovered_from_interrupted_resume_log,2026,PE,4,Meiringen,01:22,Brienz,01:33,2026|physical|PE|4|Meiringen|01:22|Brienz|01:33,2026|physical|PE|-6|Meiringen|01:22|Brienz|01:33,709.81073,517.358129,8869,0.0,-1.371991066,,2927.518,Brienz; Meiringen,,,Aareschlucht West->dest_idx_1 weight=0.001 total 156.000->156.000,4,1,,,,shift_departure_line_earlier,2026|05927|shift_departure_line_earlier|PE|-6|Meiringen|01:22|Brienz|01:33,1,2026|05927|shift_departure_line_earlier|PE|-6|Meiringen|01:22|Brienz|01:33,promising_for_targeted_reroute,,shift_departure_line_earlier,121.654737,121.654737,0.0,20.275789,121.654737,0.0,0.0,0.0,0.0,0.0,0.0,10,0,0,0,0,0,20.27579,121.65474,10,improve_existing_transfer,Meiringen,R 71->PE,Meiringen,R 71->PE,05:13->05:22; 07:13->07:22; 09:13->09:22; 11:13->11:22; 13:13->13:22; 15:13->15:22; 17:13->17:22; 19:13->19:22; 21:13->21:22; 23:13->23:22,Reduce current 9min transfer toward station minimum 2min.,6,4,,expanded_delta_from_existing_transfer_context,11,0,0.035482367,0.0,709.81073,"<USER_HOME>/iCloud Drive (Archive)/Documents/Documents - Matthias’s 16"" MacBook Pro (246)/Paper Pythons/Master Thesis/2nd Half of Project (Comparison 2026 and 2035)/transfer_optimization_tables/STEP3_SEARCH_RESUME_5H/year_2026/Step3_timetable_suggestion_search.log",accepted,2,2,2026
,,1,0,accepted_step3_recovered_from_interrupted_resume_log,2026,PE,-4,Brienz,01:25,Meiringen,01:35,2026|physical|PE|-4|Brienz|01:25|Meiringen|01:35,2026|physical|PE|6|Brienz|01:25|Meiringen|01:35,661.185261,500.893124,8377,0.0,-1.320012651,,3588.704,Brienz; Meiringen,,,Aadorf->dest_idx_5 weight=0 total 226.000->226.000,5,1,,,,shift_arrival_line_later,2026|07285|shift_arrival_line_later|PE|6|Brienz|01:25|Meiringen|01:35,1,2026|07285|shift_arrival_line_later|PE|6|Brienz|01:25|Meiringen|01:35,promising_for_targeted_reroute,,shift_arrival_line_later,83.816842,83.816842,0.0,13.969474,83.816842,0.0,0.0,0.0,0.0,0.0,0.0,10,0,0,0,0,0,13.96947,83.81684,10,improve_existing_transfer,Meiringen,PE->R 71,Meiringen,PE->R 71,05:35->05:45; 07:35->07:45; 09:35->09:45; 11:35->11:45; 13:35->13:45; 15:35->15:45; 17:35->17:45; 19:35->19:45; 21:35->21:45; 23:35->23:45,Reduce current 10min transfer toward station minimum 2min.,4,6,,expanded_delta_from_existing_transfer_context,11,0,0.034834064,0.0,661.185261,"<USER_HOME>/iCloud Drive (Archive)/Documents/Documents - Matthias’s 16"" MacBook Pro (246)/Paper Pythons/Master Thesis/2nd Half of Project (Comparison 2026 and 2035)/transfer_optimization_tables/STEP3_SEARCH_RESUME_5H/year_2026/Step3_timetable_suggestion_search.log",accepted,2,2,2026
,,1,0,accepted_step3_recovered_from_interrupted_resume_log,2026,IR 95,1,Lausanne,00:14,Vevey,00:28,2026|physical|IR 95|1|Lausanne|00:14|Vevey|00:28,2026|physical|IR 95|1|Lausanne|00:14|Vevey|00:28,625.334404,1411.963818,9104,0.0,-0.44288274,,4214.038,Lausanne; Vevey,,,Allaman->dest_idx_39 weight=0 total 280.000->280.000,6,1,,,,shift_arrival_line_later,2026|06131|shift_arrival_line_later|IR 95|1|Lausanne|00:14|Vevey|00:28,1,2026|06131|shift_arrival_line_later|IR 95|1|Lausanne|00:14|Vevey|00:28,promising_for_targeted_reroute,,shift_arrival_line_later,143.577486,201.037276,57.459789,114.847579,114.847579,86.189697,86.189697,57.459789,57.459789,0.0,0.0,27,27,0,27,0,0,114.847578,114.847578,18,improve_existing_transfer,Vevey,IR 95->R 35; IR 95->R 7,Lausanne; Vevey,IC 1->IR 95; IR 90->IR 95; IR 95->R 35; IR 95->R 7; R 3->IR 95; S 30->IR 95,06:28->06:33; 06:28->06:35; 08:28->08:33; 08:28->08:35; 10:28->10:33; 10:28->10:35; 12:28->12:33; 12:28->12:35; 14:28->14:33; 14:28->14:35; 16:28->16:33; 16:28->16:35; 18:28->18:33; 18:28->18:35; 20:28->20:33; 20:28->20:35; 22:28->22:33; 22:28->22:35,Reduce current 5min transfer toward station minimum 2min.; Reduce current 7min transfer toward station minimum 2min.,7,1,,expanded_delta_from_existing_transfer_context,11,0,0.008337983,21.547424,646.881829,"<USER_HOME>/iCloud Drive (Archive)/Documents/Documents - Matthias’s 16"" MacBook Pro (246)/Paper Pythons/Master Thesis/2nd Half of Project (Comparison 2026 and 2035)/transfer_optimization_tables/STEP3_SEARCH_RESUME_5H/year_2026/Step3_timetable_suggestion_search.log",accepted,2,2,2026
,,1,0,accepted_step3_recovered_from_interrupted_resume_log,2026,IR 27,-2,Zofingen,00:03,Olten,00:10,2026|physical|IR 27|-2|Zofingen|00:03|Olten|00:10,2026|physical|IR 27|2|Zofingen|00:03|Olten|00:10,637.695351,1452.136837,4541,0.0,-0.439142741,,4851.547,Olten; Zofingen,,,Agno->dest_idx_192 weight=0 total 231.000->231.000,7,1,,,,shift_arrival_line_later,2026|01098|shift_arrival_line_later|IR 27|2|Zofingen|00:03|Olten|00:10,1,2026|01098|shift_arrival_line_later|IR 27|2|Zofingen|00:03|Olten|00:10,promising_for_targeted_reroute,,shift_arrival_line_later,526.680947,526.680947,0.0,263.340474,526.680947,0.0,0.0,0.0,0.0,0.0,0.0,18,9,0,9,0,0,263.340477,526.680945,18,improve_existing_transfer,Olten,IR 27->IC 5; IR 27->IC 61,Olten; Zofingen,IR 27->IC 5; IR 27->IC 61; S 28->IR 27,06:10->06:20; 06:10->06:29; 08:10->08:20; 08:10->08:29; 10:10->10:20; 10:10->10:29; 12:10->12:20; 12:10->12:29; 14:10->14:20; 14:10->14:29; 16:10->16:20; 16:10->16:29; 18:10->18:20; 18:10->18:29; 20:10->20:20; 20:10->20:29; 22:10->22:20; 22:10->22:29,Reduce current 10min transfer toward station minimum 5min.; Reduce current 19min transfer toward station minimum 5min.,2,2,,expanded_delta_from_existing_transfer_context,11,0,0.006752142,0.0,637.695351,"<USER_HOME>/iCloud Drive (Archive)/Documents/Documents - Matthias’s 16"" MacBook Pro (246)/Paper Pythons/Master Thesis/2nd Half of Project (Comparison 2026 and 2035)/transfer_optimization_tables/STEP3_SEARCH_RESUME_5H/year_2026/Step3_timetable_suggestion_search.log",accepted,2,2,2026
19,1,0,1,accepted_step3_resume_suggestion,2026,R 42,-2,Stalden-Saas,00:08,Visp,00:19,2026|physical|R 42|-2|Stalden-Saas|00:08|Visp|00:19,2026|physical|R 42|2|Stalden-Saas|00:08|Visp|00:19,613.643767,522.746621,1696,0.0,-1.173883755,613.643767,613.643767,Stalden-Saas; Visp,2,2,Herbriggen->dest_idx_16 weight=0.005 total 122.000->122.000,,,accepted,,0.0,shift_arrival_line_later,2026|10095|shift_arrival_line_later|R 42|2|Stalden-Saas|00:08|Visp|00:19,1,2026|10095|shift_arrival_line_later|R 42|2|Stalden-Saas|00:08|Visp|00:19,promising_for_targeted_reroute,,shift_arrival_line_later,20.938737,20.938737,0.0,10.469368,20.938737,0.0,0.0,0.0,0.0,0.0,0.0,9,0,0,0,0,0,10.469367,20.938734,9,improve_existing_transfer,Visp,R 42->IR 90,Visp,R 42->IR 90,06:19->06:36; 08:19->08:36; 10:19->10:36; 12:19->12:36; 14:19->14:36; 16:19->16:36; 18:19->18:36; 20:19->20:36; 22:19->22:36,Reduce current 17min transfer toward station minimum 5min.,2,2,,expanded_delta_from_existing_transfer_context,1,0,0.014738305,0.0,613.643767,,,,,2026
20,2,0,1,accepted_step3_resume_suggestion,2026,R 1,1,Lausanne,01:38,Prilly-Malley,01:41,2026|physical|R 1|1|Lausanne|01:38|Prilly-Malley|01:41,2026|physical|R 1|-1|Lausanne|01:38|Prilly-Malley|01:41,586.935294,999.4629,835,0.0,-0.587250706,586.935293,1200.57906,Lausanne; Prilly-Malley,2,2,Aareschlucht West->dest_idx_1462 weight=0 total 224.000->224.000,,,accepted,,613.643767,shift_departure_line_earlier,2026|10674|shift_departure_line_earlier|R 1|-1|Lausanne|01:38|Prilly-Malley|01:41,1,2026|10674|shift_departure_line_earlier|R 1|-1|Lausanne|01:38|Prilly-Malley|01:41,promising_for_targeted_reroute,,shift_departure_line_earlier,91.892034,91.892034,0.0,91.892034,91.892034,0.0,0.0,0.0,0.0,0.0,0.0,20,0,0,0,0,0,11.68474,11.68474,10,improve_existing_transfer,Lausanne,R 8->R 1,Lausanne,R 8->R 1; RE 33->R 1,05:32->05:38; 07:32->07:38; 09:32->09:38; 11:32->11:38; 13:32->13:38; 15:32->15:38; 17:32->17:38; 19:32->19:38; 21:32->21:38; 23:32->23:38,Reduce current 6min transfer toward station minimum 5min.,3,1,,expanded_delta_from_existing_transfer_context,2,0,0.031855663,0.0,586.935294,,,,,2026
21,3,0,1,accepted_step3_resume_suggestion,2026,IR 95,1,Lausanne,01:52,Morges,00:03,2026|physical|IR 95|1|Lausanne|01:52|Morges|00:03,2026|physical|IR 95|1|Lausanne|01:52|Morges|00:03,539.458797,1499.878325,22709,0.0,-0.359668373,407.396214,1607.975274,Lausanne; Morges,2,2,Aadorf->dest_idx_52 weight=0 total 264.000->264.000,,,accepted,,1200.57906,shift_arrival_line_later,2026|10636|shift_arrival_line_later|IR 95|1|Lausanne|01:52|Morges|00:03,1,2026|10636|shift_arrival_line_later|IR 95|1|Lausanne|01:52|Morges|00:03,promising_for_targeted_reroute,,shift_arrival_line_later,50.097838,115.467838,65.37,12.233368,12.233368,103.23447,103.23447,65.37,65.37,0.0,0.0,29,40,0,40,0,0,12.233367,12.233367,9,improve_existing_transfer,Morges,IR 95->R 8,Lausanne; Morges,IC 1->IR 95; IC 51->IR 95; IR 95->R 8; R 1->IR 95; R 3->IR 95; R 9->IR 95; S 30->IR 95,06:03->06:11; 08:03->08:11; 10:03->10:11; 12:03->12:11; 14:03->14:11; 16:03->16:11; 18:03->18:11; 20:03->20:11; 22:03->22:11,Reduce current 8min transfer toward station minimum 2min.,6,1,,expanded_delta_from_existing_transfer_context,3,0,0.005372637,25.808618,565.267415,,,,,2026
22,4,0,1,accepted_step3_resume_suggestion,2026,S 3,-1,Immensee,01:30,Arth-Goldau,01:38,2026|physical|S 3|-1|Immensee|01:30|Arth-Goldau|01:38,2026|physical|S 3|1|Immensee|01:30|Arth-Goldau|01:38,558.985685,825.703845,5759,0.0,-0.676980843,558.018783,2165.994057,Arth-Goldau; Immensee,2,2,Aarau->dest_idx_50 weight=0.621 total 97.000->96.000,,,accepted,,1607.975274,shift_arrival_line_later,2026|06636|shift_arrival_line_later|S 3|1|Immensee|01:30|Arth-Goldau|01:38,1,2026|06636|shift_arrival_line_later|S 3|1|Immensee|01:30|Arth-Goldau|01:38,promising_for_targeted_reroute,,shift_arrival_line_later,100.179474,100.179474,0.0,100.179474,100.179474,0.0,0.0,0.0,0.0,0.0,0.0,10,0,0,0,0,0,100.17947,100.17947,10,improve_existing_transfer,Arth-Goldau,S 3->IC 2,Arth-Goldau,S 3->IC 2,05:38->05:45; 07:38->07:45; 09:38->09:45; 11:38->11:45; 13:38->13:45; 15:38->15:45; 17:38->17:45; 19:38->19:45; 21:38->21:45; 23:38->23:45,Reduce current 7min transfer toward station minimum 4min.,1,1,,expanded_delta_from_existing_transfer_context,4,0,0.011222537,0.0,558.985685,,,,,2026
23,5,0,1,accepted_step3_resume_suggestion,2026,S 10,2,Bellinzona,01:46,Giubiasco,01:50,2026|physical|S 10|2|Bellinzona|01:46|Giubiasco|01:50,2026|physical|S 10|2|Bellinzona|01:46|Giubiasco|01:50,508.566193,494.660244,4326,0.0,-1.028112121,508.565884,2674.559941,Bellinzona; Giubiasco,4,4,Aadorf->dest_idx_470 weight=0.001 total 169.000->171.000,,,accepted,,2165.994057,shift_arrival_line_later,2026|03453|shift_arrival_line_later|S 10|2|Bellinzona|01:46|Giubiasco|01:50,1,2026|03453|shift_arrival_line_later|S 10|2|Bellinzona|01:46|Giubiasco|01:50,promising_for_targeted_reroute,,shift_arrival_line_later,163.201584,291.977374,128.775789,113.794737,227.589474,32.19395,64.3879,64.387895,128.775789,0.0,0.0,20,20,0,20,0,0,113.79474,227.58947,10,improve_existing_transfer,Giubiasco,S 10->S 90,Bellinzona; Giubiasco,IC 2->S 10; IC 21->S 10; S 10->S 90; S 20->S 10,05:50->05:54; 07:50->07:54; 09:50->09:54; 11:50->11:54; 13:50->13:54; 15:50->15:54; 17:50->17:54; 19:50->19:54; 21:50->21:54; 23:50->23:54,Reduce current 4min transfer toward station minimum 2min.,7,3,,expanded_delta_from_existing_transfer_context,5,0,0.035809015,16.096975,524.663168,,,,,2026
24,6,0,1,accepted_step3_resume_suggestion,2026,IC 3,1,Zürich HB,00:07,Sargans,01:02,2026|physical|IC 3|1|Zürich HB|00:07|Sargans|01:02,2026|physical|IC 3|1|Zürich HB|00:07|Sargans|01:02,439.575852,1004.595233,43136,0.0,-0.437565138,439.555886,3114.115827,Sargans; Zürich HB,2,2,Aadorf->dest_idx_63 weight=0.001 total 130.000->130.000,,,accepted,,2674.559941,shift_arrival_line_later,2026|04658|shift_arrival_line_later|IC 3|1|Zürich HB|00:07|Sargans|01:02,1,2026|04658|shift_arrival_line_later|IC 3|1|Zürich HB|00:07|Sargans|01:02,promising_for_targeted_reroute,,shift_arrival_line_later,184.930526,184.930526,0.0,184.930526,184.930526,0.0,0.0,0.0,0.0,0.0,0.0,30,27,0,27,0,0,166.437468,166.437468,27,improve_existing_transfer,Sargans,IC 3->IR 13; IC 3->S 12; IC 3->S 4,Sargans; Zürich HB,D / S 24->IC 3; IC 3->IR 13; IC 3->S 12; IC 3->S 4; IR 35->IC 3; IR 36->IC 3,07:02->07:05; 07:02->07:06; 09:02->09:05; 09:02->09:06; 11:02->11:05; 11:02->11:06; 13:02->13:05; 13:02->13:06; 15:02->15:05; 15:02->15:06; 17:02->17:05; 17:02->17:06; 19:02->19:05; 19:02->19:06; 21:02->21:05; 21:02->21:06; 23:02->23:05; 23:02->23:06,Reduce current 3min transfer toward station minimum 2min.; Reduce current 4min transfer toward station minimum 2min.,7,1,,expanded_delta_from_existing_transfer_context,6,0,0.003593887,0.0,439.575852,,,,,2026
25,7,0,1,accepted_step3_resume_suggestion,2026,IC 3,1,Zürich HB,00:38,Sargans,01:32,2026|physical|IC 3|1|Zürich HB|00:38|Sargans|01:32,2026|physical|IC 3|1|Zürich HB|00:38|Sargans|01:32,396.529586,976.718874,58413,0.0,-0.405981287,396.529586,3510.645413,Sargans; Zürich HB,2,2,Aadorf->dest_idx_45 weight=0 total 215.000->215.000,,,accepted,,3114.115827,shift_arrival_line_later,2026|04681|shift_arrival_line_later|IC 3|1|Zürich HB|00:38|Sargans|01:32,1,2026|04681|shift_arrival_line_later|IC 3|1|Zürich HB|00:38|Sargans|01:32,promising_for_targeted_reroute,,shift_arrival_line_later,166.752134,201.743661,34.991526,184.247895,184.247895,17.495766,17.495766,34.991526,34.991526,0.0,0.0,38,9,0,9,0,0,165.823101,165.823101,18,improve_existing_transfer,Sargans,IC 3->IR 70; IC 3->S 12,Sargans; Zürich HB,D / S 24->IC 3; IC 2->IC 3; IC 3->IR 70; IC 3->S 12; IR 55->IC 3,07:32->07:35; 07:32->07:36; 09:32->09:35; 09:32->09:36; 11:32->11:35; 11:32->11:36; 13:32->13:35; 13:32->13:36; 15:32->15:35; 15:32->15:36; 17:32->17:35; 17:32->17:36; 19:32->19:35; 19:32->19:36; 21:32->21:35; 21:32->21:36; 23:32->23:35; 23:32->23:36,Reduce current 3min transfer toward station minimum 2min.; Reduce current 4min transfer toward station minimum 2min.,10,1,,expanded_delta_from_existing_transfer_context,7,0,0.003246828,4.373941,400.903527,,,,,2026
26,8,0,1,accepted_step3_resume_suggestion,2026,L 4,-1,Lancy-Pont-Rouge,01:37,Genève,01:43,2026|physical|L 4|-1|Lancy-Pont-Rouge|01:37|Genève|01:43,2026|physical|L 4|2|Lancy-Pont-Rouge|01:37|Genève|01:43,391.63122,1046.081253,1188,0.0,-0.374379351,391.635418,3902.280831,Genève; Lancy-Pont-Rouge,2,2,Annemasse->dest_idx_5 weight=0 total 267.000->267.000,,,accepted,,3510.645413,shift_arrival_line_later,2026|01161|shift_arrival_line_later|L 4|2|Lancy-Pont-Rouge|01:37|Genève|01:43,1,2026|01161|shift_arrival_line_later|L 4|2|Lancy-Pont-Rouge|01:37|Genève|01:43,promising_for_targeted_reroute,,shift_arrival_line_later,508.12,508.12,0.0,254.06,508.12,0.0,0.0,0.0,0.0,0.0,0.0,20,0,0,0,0,0,254.06,508.12,20,improve_existing_transfer,Genève,L 4->IR 15; L 4->IR 90,Genève,L 4->IR 15; L 4->IR 90,05:43->05:54; 05:43->05:58; 07:43->07:54; 07:43->07:58; 09:43->09:54; 09:43->09:58; 11:43->11:54; 11:43->11:58; 13:43->13:54; 13:43->13:58; 15:43->15:54; 15:43->15:58; 17:43->17:54; 17:43->17:58; 19:43->19:54; 19:43->19:58; 21:43->21:54; 21:43->21:58; 23:43->23:54; 23:43->23:58,Reduce current 11min transfer toward station minimum 6min.; Reduce current 15min transfer toward station minimum 6min.,1,2,,expanded_delta_from_existing_transfer_context,8,0,0.012638859,0.0,391.63122,,,,,2026
1,,1,0,accepted_step3_suggestion,2035,IC 5,-2,Solothurn,00:54,Biel/Bienne,01:09,2035|physical|IC 5|-2|Solothurn|00:54|Biel/Bienne|01:09,2035|physical|IC 5|5|Solothurn|00:54|Biel/Bienne|01:09,1374.574967,1331.519651,121317,0.0,-1.032335472,1374.574967,1374.574967,Biel/Bienne; Solothurn,2,2,Aadorf->dest_idx_3 weight=0.001 total 174.000->174.000,,,accepted,,0.0,shift_arrival_line_later; shift_departure_line_later,2035|03283|shift_departure_line_later|IC 5|5|Solothurn|00:54|Biel/Bienne|01:09; 2035|08319|shift_arrival_line_later|IC 5|5|Solothurn|00:54|Biel/Bienne|01:09,2,2035|03283|shift_departure_line_later|IC 5|5|Solothurn|00:54|Biel/Bienne|01:09,promising_for_targeted_reroute,,shift_departure_line_later,1019.695976,1585.839792,566.143816,192.616316,963.081579,226.457532,622.758213,113.228763,566.143816,0.0,0.0,87,36,36,0,0,0,56.614383,283.071915,9,improve_existing_transfer; unlock_near_miss,Biel/Bienne; Solothurn,IC 5->IR 65; S 21->IC 5,Biel/Bienne; Solothurn,IC 5->IC 51; IC 5->IR 65; IC 5->R 16; IC 5->R 41; IC 5->S 3; IC 5->S 37; IR 55->IC 5; RE 5->IC 5; S 11->IC 5; S 20->IC 5; S 21->IC 5,06:57->06:54; 07:09->07:19; 08:57->08:54; 09:09->09:19; 10:57->10:54; 11:09->11:19; 12:57->12:54; 13:09->13:19; 14:57->14:54; 15:09->15:19; 16:57->16:54; 17:09->17:19; 18:57->18:54; 19:09->19:19; 20:57->20:54; 21:09->21:19; 22:57->22:54; 23:09->23:19,Make currently infeasible near-miss transfer meet station minimum transfer time.; Reduce current 10min transfer toward station minimum 5min.,2,7,,expanded_delta_from_existing_transfer_context,1,0,0.013426543,155.689553,1530.26452,,accepted,2,2,2035
2,,1,0,accepted_step3_suggestion,2035,IC 1,2,Weinfelden,01:09,Frauenfeld,01:19,2035|physical|IC 1|2|Weinfelden|01:09|Frauenfeld|01:19,2035|physical|IC 1|-5|Weinfelden|01:09|Frauenfeld|01:19,1018.826975,1481.847431,48337,0.0,-0.687538375,1018.826975,2393.401942,Frauenfeld; Weinfelden,4,4,Acla da Fontauna->dest_idx_427 weight=0 total 220.000->222.000,,,accepted,,1374.574967,shift_departure_line_earlier,2035|04575|shift_departure_line_earlier|IC 1|-5|Weinfelden|01:09|Frauenfeld|01:19,1,2035|04575|shift_departure_line_earlier|IC 1|-5|Weinfelden|01:09|Frauenfeld|01:19,promising_for_targeted_reroute,,shift_departure_line_earlier,122.801048,248.119469,125.318421,44.611158,223.055789,12.53184,25.06368,25.063684,125.318421,0.0,0.0,29,10,10,0,0,0,42.56784,212.839209,18,improve_existing_transfer,Weinfelden,S 10->IC 1; S 5->IC 1,Frauenfeld; Weinfelden,IC 1->D / S 24; IC 1->S 15; S 10->IC 1; S 5->IC 1,06:56->07:09; 07:00->07:09; 08:56->09:09; 09:00->09:09; 10:56->11:09; 11:00->11:09; 12:56->13:09; 13:00->13:09; 14:56->15:09; 15:00->15:09; 16:56->17:09; 17:00->17:09; 18:56->19:09; 19:00->19:09; 20:56->21:09; 21:00->21:09; 22:56->23:09; 23:00->23:09,Reduce current 13min transfer toward station minimum 2min.; Reduce current 9min transfer toward station minimum 2min.,5,2,,expanded_delta_from_existing_transfer_context,2,0,0.013163099,6.26592,1025.092895,,accepted,4,4,2035
3,,1,0,accepted_step3_suggestion,2035,IC 9,2,Genève,01:10,Nyon,01:23,2035|physical|IC 9|2|Genève|01:10|Nyon|01:23,2035|physical|IC 9|-2|Genève|01:10|Nyon|01:23,1012.319835,901.130957,1612,0.0,-1.123388146,1012.319835,3405.721777,Genève; Nyon,2,2,Annemasse->dest_idx_16 weight=0.38 total 101.000->101.000,,,accepted,,2393.401942,shift_departure_line_earlier,2035|12401|shift_departure_line_earlier|IC 9|-2|Genève|01:10|Nyon|01:23,1,2035|12401|shift_departure_line_earlier|IC 9|-2|Genève|01:10|Nyon|01:23,promising_for_targeted_reroute,,shift_departure_line_earlier,32.258947,32.258947,0.0,16.129474,32.258947,0.0,0.0,0.0,0.0,0.0,0.0,10,10,0,10,0,0,16.12947,32.25895,10,improve_existing_transfer,Genève,IR 18->IC 9,Genève; Nyon,IC 9->IR 18; IR 18->IC 9,05:02->05:10; 07:02->07:10; 09:02->09:10; 11:02->11:10; 13:02->13:10; 15:02->15:10; 17:02->17:10; 19:02->19:10; 21:02->21:10; 23:02->23:10,Reduce current 8min transfer toward station minimum 6min.,3,2,,expanded_delta_from_existing_transfer_context,3,0,0.016650432,0.0,1012.319835,,accepted,2,2,2035
4,,1,0,accepted_step3_suggestion,2035,VAE,2,Arth-Goldau,00:49,Küssnacht am Rigi,00:59,2035|physical|VAE|2|Arth-Goldau|00:49|Küssnacht am Rigi|00:59,2035|physical|VAE|-3|Arth-Goldau|00:49|Küssnacht am Rigi|00:59,977.483888,878.507638,10119,0.0,-1.112664075,977.483888,4383.205665,Arth-Goldau; Küssnacht am Rigi,2,2,Aathal->dest_idx_653 weight=0.001 total 116.000->118.000,,,accepted,,3405.721777,shift_departure_line_earlier,2035|05182|shift_departure_line_earlier|VAE|-3|Arth-Goldau|00:49|Küssnacht am Rigi|00:59,1,2035|05182|shift_departure_line_earlier|VAE|-3|Arth-Goldau|00:49|Küssnacht am Rigi|00:59,promising_for_targeted_reroute,,shift_departure_line_earlier,437.378684,437.378684,0.0,145.792895,437.378684,0.0,0.0,0.0,0.0,0.0,0.0,27,0,0,0,0,0,62.766,188.298,9,improve_existing_transfer,Arth-Goldau,IC 2->VAE,Arth-Goldau,IC 2->VAE; S 2->VAE; Z 81->VAE,06:42->06:49; 08:42->08:49; 10:42->10:49; 12:42->12:49; 14:42->14:49; 16:42->16:49; 18:42->18:49; 20:42->20:49; 22:42->22:49,Reduce current 7min transfer toward station minimum 4min.,4,2,,expanded_delta_from_existing_transfer_context,4,0,0.024508551,0.0,977.483888,,accepted,2,2,2035
5,,1,0,accepted_step3_suggestion,2035,IC 9,-2,St-Maurice,01:04,Martigny,01:13,2035|physical|IC 9|-2|St-Maurice|01:04|Martigny|01:13,2035|physical|IC 9|-2|St-Maurice|01:04|Martigny|01:13,859.453971,1670.00058,18625,0.0,-0.514642917,859.453971,5242.659636,Martigny; St-Maurice,2,2,Aadorf->dest_idx_856 weight=0.001 total 267.000->265.000,,,accepted,,4383.205665,shift_departure_line_earlier,2035|03549|shift_departure_line_earlier|IC 9|-2|St-Maurice|01:04|Martigny|01:13,1,2035|03549|shift_departure_line_earlier|IC 9|-2|St-Maurice|01:04|Martigny|01:13,promising_for_targeted_reroute,,shift_departure_line_earlier,25.304,265.544,240.24,132.772,265.544,0.0,0.0,120.12,240.24,0.0,0.0,47,10,10,0,0,0,132.771996,265.544001,27,improve_existing_transfer,St-Maurice,IR 95->IC 9; R 91->IC 9,Martigny; St-Maurice,IC 9->R; IC 9->R 81; IC 9->R 91; IR 95->IC 9; R 91->IC 9,06:49->07:04; 06:51->07:04; 06:52->07:04; 08:49->09:04; 08:51->09:04; 08:52->09:04; 10:49->11:04; 10:51->11:04; 10:52->11:04; 12:49->13:04; 12:51->13:04; 12:52->13:04; 14:49->15:04; 14:51->15:04; 14:52->15:04; 16:49->17:04; 16:51->17:04; 16:52->17:04; 18:49->19:04; 18:51->19:04,Reduce current 12min transfer toward station minimum 2min.; Reduce current 13min transfer toward station minimum 2min.; Reduce current 15min transfer toward station minimum 2min.,2,2,,expanded_delta_from_existing_transfer_context,5,0,0.00688332,0.0,859.453971,,accepted,2,2,2035
6,,1,0,accepted_step3_suggestion,2035,IC 9,2,Martigny,01:45,St-Maurice,01:54,2035|physical|IC 9|2|Martigny|01:45|St-Maurice|01:54,2035|physical|IC 9|2|Martigny|01:45|St-Maurice|01:54,808.796984,1317.243371,15621,0.0,-0.614007253,808.796984,6051.45662,Martigny; St-Maurice,2,2,Aareschlucht West->dest_idx_51 weight=0 total 257.000->257.000,,,accepted,,5242.659636,shift_arrival_line_later,2035|03372|shift_arrival_line_later|IC 9|2|Martigny|01:45|St-Maurice|01:54,1,2035|03372|shift_arrival_line_later|IC 9|2|Martigny|01:45|St-Maurice|01:54,promising_for_targeted_reroute,,shift_arrival_line_later,110.840316,277.114,166.273684,138.557,277.114,0.0,0.0,83.136842,166.273684,0.0,0.0,47,0,0,0,0,0,138.556998,277.114005,27,improve_existing_transfer,St-Maurice,IC 9->IR 95; IC 9->R 91,Martigny; St-Maurice,IC 9->IR 95; IC 9->R 91; R 81->IC 9; R 91->IC 9,05:54->06:07; 05:54->06:08; 05:54->06:10; 07:54->08:07; 07:54->08:08; 07:54->08:10; 09:54->10:07; 09:54->10:08; 09:54->10:10; 11:54->12:07; 11:54->12:08; 11:54->12:10; 13:54->14:07; 13:54->14:08; 13:54->14:10; 15:54->16:07; 15:54->16:08; 15:54->16:10; 17:54->18:07; 17:54->18:08,Reduce current 13min transfer toward station minimum 2min.; Reduce current 14min transfer toward station minimum 2min.; Reduce current 16min transfer toward station minimum 2min.,2,2,,expanded_delta_from_existing_transfer_context,6,0,0.009397567,0.0,808.796984,,accepted,2,2,2035
7,,1,0,accepted_step3_suggestion,2035,D / S 24,2,Winterthur,01:22,Effretikon,01:29,2035|physical|D / S 24|2|Winterthur|01:22|Effretikon|01:29,2035|physical|D / S 24|-2|Winterthur|01:22|Effretikon|01:29,761.857898,686.635338,2354,0.0,-1.109552415,761.857898,6813.314518,Effretikon; Winterthur,2,2,Altstätten SG->dest_idx_331 weight=0.051 total 116.000->116.000,,,accepted,,6051.45662,shift_departure_line_earlier,2035|09498|shift_departure_line_earlier|D / S 24|-2|Winterthur|01:22|Effretikon|01:29,1,2035|09498|shift_departure_line_earlier|D / S 24|-2|Winterthur|01:22|Effretikon|01:29,promising_for_targeted_reroute,,shift_departure_line_earlier,158.762989,266.799205,108.036216,64.321053,128.642105,69.07855,138.1571,54.018108,108.036216,0.0,0.0,40,30,0,30,0,0,38.73763,77.47526,10,improve_existing_transfer,Winterthur,F / S 16->D / S 24,Effretikon; Winterthur,D / S 24->A / S 8; D / S 24->IR 36; D / S 24->P / S 9; D / S 24->R; F / S 16->D / S 24; IC 5->D / S 24,05:15->05:22; 07:15->07:22; 09:15->09:22; 11:15->11:22; 13:15->13:22; 15:15->15:22; 17:15->17:22; 19:15->19:22; 21:15->21:22; 23:15->23:22,Reduce current 7min transfer toward station minimum 5min.,3,2,,expanded_delta_from_existing_transfer_context,7,0,0.036555116,34.539275,796.397173,,accepted,2,2,2035
8,1,0,1,accepted_step3_resume_suggestion,2035,PE,4,Meiringen,00:22,Brienz,00:33,2035|physical|PE|4|Meiringen|00:22|Brienz|00:33,2035|physical|PE|-6|Meiringen|00:22|Brienz|00:33,768.155848,466.019512,9497,0.0,-1.648334089,768.155848,768.155848,Brienz; Meiringen,2,2,Aadorf->dest_idx_170 weight=0.001 total 197.000->201.000,,,accepted,,0.0,shift_departure_line_earlier,2035|07909|shift_departure_line_earlier|PE|-6|Meiringen|00:22|Brienz|00:33,1,2035|07909|shift_departure_line_earlier|PE|-6|Meiringen|00:22|Brienz|00:33,promising_for_targeted_reroute,,shift_departure_line_earlier,107.46,107.46,0.0,17.91,107.46,0.0,0.0,0.0,0.0,0.0,0.0,9,0,0,0,0,0,17.91,107.46,9,improve_existing_transfer,Meiringen,R 71->PE,Meiringen,R 71->PE,06:13->06:22; 08:13->08:22; 10:13->10:22; 12:13->12:22; 14:13->14:22; 16:13->16:22; 18:13->18:22; 20:13->20:22; 22:13->22:22,Reduce current 9min transfer toward station minimum 2min.,6,4,,expanded_delta_from_existing_transfer_context,1,0,0.038523086,0.0,768.155848,,,,,2035
9,2,0,1,accepted_step3_resume_suggestion,2035,A / S 8,1,Zürich HB,01:10,Zürich Oerlikon,01:15,2035|physical|A / S 8|1|Zürich HB|01:10|Zürich Oerlikon|01:15,2035|physical|A / S 8|-5|Zürich HB|01:10|Zürich Oerlikon|01:15,581.81179,1098.921466,1138,0.0,-0.529438916,581.81179,1349.967638,Zürich HB; Zürich Oerlikon,2,2,Aarau->dest_idx_78 weight=0.38 total 59.000->59.000,,,accepted,,768.155848,shift_arrival_line_earlier; shift_departure_line_earlier,2035|04035|shift_departure_line_earlier|A / S 8|-5|Zürich HB|01:10|Zürich Oerlikon|01:15; 2035|06802|shift_arrival_line_earlier|A / S 8|-5|Zürich HB|01:10|Zürich Oerlikon|01:15,2,2035|04035|shift_departure_line_earlier|A / S 8|-5|Zürich HB|01:10|Zürich Oerlikon|01:15,promising_for_targeted_reroute,,shift_departure_line_earlier,709.516987,977.286724,267.769737,47.688811,238.444054,169.19011,738.84267,53.553947,267.769737,0.0,0.0,49,70,40,30,0,0,47.688813,238.444056,9,improve_existing_transfer; unlock_near_miss,Zürich HB; Zürich Oerlikon,A / S 8->R; IR 40->A / S 8,Zürich HB; Zürich Oerlikon,A / S 8->D / S 24; A / S 8->E / S 5; A / S 8->IR 35; A / S 8->K / S 6; A / S 8->L / S 19; A / S 8->M; A / S 8->P / S 9; A / S 8->R; A / S 8->RE 48; IR 40->A / S 8,05:15->05:12; 06:58->07:10; 07:15->07:12; 08:58->09:10; 09:15->09:12; 10:58->11:10; 11:15->11:12; 12:58->13:10; 13:15->13:12; 14:58->15:10; 15:15->15:12; 16:58->17:10; 17:15->17:12; 18:58->19:10; 19:15->19:12; 20:58->21:10; 21:15->21:12; 22:58->23:10; 23:15->23:12,Make currently infeasible near-miss transfer meet station minimum transfer time.; Reduce current 12min transfer toward station minimum 7min.,6,2,,expanded_delta_from_existing_transfer_context,2,0,0.042020036,184.710667,766.522457,,,,,2035
10,3,0,1,accepted_step3_resume_suggestion,2035,A / S 8,1,Zürich HB,01:40,Zürich Oerlikon,01:45,2035|physical|A / S 8|1|Zürich HB|01:40|Zürich Oerlikon|01:45,2035|physical|A / S 8|-5|Zürich HB|01:40|Zürich Oerlikon|01:45,577.537061,1192.830251,1282,0.0,-0.484173721,577.537061,1927.504699,Zürich HB; Zürich Oerlikon,2,2,Aarau->dest_idx_78 weight=0.38 total 59.000->59.000,,,accepted,,1349.967638,shift_arrival_line_earlier; shift_departure_line_earlier,2035|03554|shift_departure_line_earlier|A / S 8|-5|Zürich HB|01:40|Zürich Oerlikon|01:45; 2035|06803|shift_arrival_line_earlier|A / S 8|-5|Zürich HB|01:40|Zürich Oerlikon|01:45,2,2035|03554|shift_departure_line_earlier|A / S 8|-5|Zürich HB|01:40|Zürich Oerlikon|01:45,promising_for_targeted_reroute,,shift_departure_line_earlier,736.010771,1003.780508,267.769737,52.987568,264.937838,169.19011,738.84267,53.553947,267.769737,0.0,0.0,50,70,40,30,0,0,52.98757,264.93784,10,improve_existing_transfer; unlock_near_miss,Zürich HB; Zürich Oerlikon,A / S 8->R; IR 40->A / S 8,Zürich HB; Zürich Oerlikon,A / S 8->D / S 24; A / S 8->E / S 5; A / S 8->IC 4; A / S 8->IR 35; A / S 8->K / S 6; A / S 8->L / S 19; A / S 8->M; A / S 8->P / S 9; A / S 8->R; IR 40->A / S 8,05:28->05:40; 05:45->05:42; 07:28->07:40; 07:45->07:42; 09:28->09:40; 09:45->09:42; 11:28->11:40; 11:45->11:42; 13:28->13:40; 13:45->13:42; 15:28->15:40; 15:45->15:42; 17:28->17:40; 17:45->17:42; 19:28->19:40; 19:45->19:42; 21:28->21:40; 21:45->21:42; 23:28->23:40; 23:45->23:42,Make currently infeasible near-miss transfer meet station minimum transfer time.; Reduce current 12min transfer toward station minimum 7min.,6,2,,expanded_delta_from_existing_transfer_context,3,0,0.038628338,184.710667,762.247729,,,,,2035
11,4,0,1,accepted_step3_resume_suggestion,2035,H / S 7,-1,Zürich Altstetten,01:56,Schlieren,01:59,2035|physical|H / S 7|-1|Zürich Altstetten|01:56|Schlieren|01:59,2035|physical|H / S 7|-1|Zürich Altstetten|01:56|Schlieren|01:59,761.93299,1145.785603,727,0.0,-0.664987401,761.93299,2689.437689,Schlieren; Zürich Altstetten,2,2,Aarau->dest_idx_1184 weight=3.32 total 38.000->37.000,,,accepted,,1927.504699,shift_departure_line_earlier,2035|07943|shift_departure_line_earlier|H / S 7|-1|Zürich Altstetten|01:56|Schlieren|01:59,1,2035|07943|shift_departure_line_earlier|H / S 7|-1|Zürich Altstetten|01:56|Schlieren|01:59,promising_for_targeted_reroute,,shift_departure_line_earlier,106.908421,106.908421,0.0,106.908421,106.908421,0.0,0.0,0.0,0.0,0.0,0.0,40,0,0,0,0,0,106.90843,106.90843,40,improve_existing_transfer,Zürich Altstetten,F / S 16->H / S 7; I / S 11->H / S 7; IR 36->H / S 7; J / S 12->H / S 7,Zürich Altstetten,F / S 16->H / S 7; I / S 11->H / S 7; IR 36->H / S 7; J / S 12->H / S 7,05:45->05:56; 05:52->05:56; 07:45->07:56; 07:52->07:56; 09:45->09:56; 09:52->09:56; 11:45->11:56; 11:52->11:56; 13:45->13:56; 13:52->13:56; 15:45->15:56; 15:52->15:56; 17:45->17:56; 17:52->17:56; 19:45->19:56; 19:52->19:56; 21:45->21:56; 21:52->21:56; 23:45->23:56; 23:52->23:56,Reduce current 11min transfer toward station minimum 2min.; Reduce current 4min transfer toward station minimum 2min.,1,0,,expanded_delta_from_existing_transfer_context,4,0,0.025553682,0.0,761.93299,,,,,2035
12,5,0,1,accepted_step3_resume_suggestion,2035,H / S 7,-1,Zürich Altstetten,01:26,Schlieren,01:29,2035|physical|H / S 7|-1|Zürich Altstetten|01:26|Schlieren|01:29,2035|physical|H / S 7|-1|Zürich Altstetten|01:26|Schlieren|01:29,749.655393,1167.886861,686,0.0,-0.641890424,749.655393,3439.093082,Schlieren; Zürich Altstetten,2,2,Aarau->dest_idx_1184 weight=2.988 total 38.000->37.000,,,accepted,,2689.437689,shift_departure_line_earlier,2035|07942|shift_departure_line_earlier|H / S 7|-1|Zürich Altstetten|01:26|Schlieren|01:29,1,2035|07942|shift_departure_line_earlier|H / S 7|-1|Zürich Altstetten|01:26|Schlieren|01:29,promising_for_targeted_reroute,,shift_departure_line_earlier,106.908421,106.908421,0.0,106.908421,106.908421,0.0,0.0,0.0,0.0,0.0,0.0,40,0,0,0,0,0,106.90843,106.90843,40,improve_existing_transfer,Zürich Altstetten,F / S 16->H / S 7; I / S 11->H / S 7; IR 36->H / S 7; J / S 12->H / S 7,Zürich Altstetten,F / S 16->H / S 7; I / S 11->H / S 7; IR 36->H / S 7; J / S 12->H / S 7,05:15->05:26; 05:22->05:26; 07:15->07:26; 07:22->07:26; 09:15->09:26; 09:22->09:26; 11:15->11:26; 11:22->11:26; 13:15->13:26; 13:22->13:26; 15:15->15:26; 15:22->15:26; 17:15->17:26; 17:22->17:26; 19:15->19:26; 19:22->19:26; 21:15->21:26; 21:22->21:26; 23:15->23:26; 23:22->23:26,Reduce current 11min transfer toward station minimum 2min.; Reduce current 4min transfer toward station minimum 2min.,1,0,,expanded_delta_from_existing_transfer_context,5,0,0.024665879,0.0,749.655393,,,,,2035
13,6,0,1,accepted_step3_resume_suggestion,2035,G / S 14,-1,Zürich Altstetten,01:41,Schlieren,01:44,2035|physical|G / S 14|-1|Zürich Altstetten|01:41|Schlieren|01:44,2035|physical|G / S 14|-1|Zürich Altstetten|01:41|Schlieren|01:44,738.784546,1409.202134,1368,0.0,-0.524257328,738.784546,4177.877628,Schlieren; Zürich Altstetten,2,2,Aadorf->dest_idx_330 weight=1.25 total 64.000->64.000,,,accepted,,3439.093082,shift_departure_line_earlier,2035|11749|shift_departure_line_earlier|G / S 14|-1|Zürich Altstetten|01:41|Schlieren|01:44,1,2035|11749|shift_departure_line_earlier|G / S 14|-1|Zürich Altstetten|01:41|Schlieren|01:44,promising_for_targeted_reroute,,shift_departure_line_earlier,42.982134,42.982134,0.0,42.982134,42.982134,0.0,0.0,0.0,0.0,0.0,0.0,30,0,0,0,0,0,42.98213,42.98213,30,improve_existing_transfer,Zürich Altstetten,E / S 5->G / S 14; I / S 11->G / S 14; IR 16->G / S 14,Zürich Altstetten,E / S 5->G / S 14; I / S 11->G / S 14; IR 16->G / S 14,05:28->05:41; 05:34->05:41; 05:37->05:41; 07:28->07:41; 07:34->07:41; 07:37->07:41; 09:28->09:41; 09:34->09:41; 09:37->09:41; 11:28->11:41; 11:34->11:41; 11:37->11:41; 13:28->13:41; 13:34->13:41; 13:37->13:41; 15:28->15:41; 15:34->15:41; 15:37->15:41; 17:28->17:41; 17:34->17:41,Reduce current 13min transfer toward station minimum 2min.; Reduce current 4min transfer toward station minimum 2min.; Reduce current 7min transfer toward station minimum 2min.,1,0,,expanded_delta_from_existing_transfer_context,6,0,0.024617099,0.0,738.784546,,,,,2035
14,7,0,1,accepted_step3_resume_suggestion,2035,D / S 24,2,Winterthur,00:52,Effretikon,00:59,2035|physical|D / S 24|2|Winterthur|00:52|Effretikon|00:59,2035|physical|D / S 24|-2|Winterthur|00:52|Effretikon|00:59,697.548241,658.814413,2634,0.0,-1.05879323,697.54824,4875.425868,Effretikon; Winterthur,2,2,Altstätten SG->dest_idx_331 weight=0.032 total 119.000->119.000,,,accepted,,4177.877628,shift_departure_line_earlier,2035|09903|shift_departure_line_earlier|D / S 24|-2|Winterthur|00:52|Effretikon|00:59,1,2035|09903|shift_departure_line_earlier|D / S 24|-2|Winterthur|00:52|Effretikon|00:59,promising_for_targeted_reroute,,shift_departure_line_earlier,142.88669,240.119285,97.232595,57.888947,115.777895,62.170695,124.34139,48.616297,97.232595,0.0,0.0,36,27,0,27,0,0,34.863867,69.727734,9,improve_existing_transfer,Winterthur,F / S 16->D / S 24,Effretikon; Winterthur,D / S 24->A / S 8; D / S 24->IR 36; D / S 24->P / S 9; D / S 24->R; F / S 16->D / S 24; IC 5->D / S 24,06:45->06:52; 08:45->08:52; 10:45->10:52; 12:45->12:52; 14:45->14:52; 16:45->16:52; 18:45->18:52; 20:45->20:52; 22:45->22:52,Reduce current 7min transfer toward station minimum 5min.,3,2,,expanded_delta_from_existing_transfer_context,7,0,0.033983785,31.085348,728.633588,,,,,2035
15,8,0,1,accepted_step3_resume_suggestion,2035,H / S 7,1,Schlieren,01:29,Zürich Altstetten,01:33,2035|physical|H / S 7|1|Schlieren|01:29|Zürich Altstetten|01:33,2035|physical|H / S 7|1|Schlieren|01:29|Zürich Altstetten|01:33,728.25336,1589.95561,626,0.0,-0.458033769,728.253361,5603.679229,Schlieren; Zürich Altstetten,2,2,Dietikon->dest_idx_11 weight=0.75 total 39.000->39.000,,,accepted,,4875.425868,shift_arrival_line_later,2035|07620|shift_arrival_line_later|H / S 7|1|Schlieren|01:29|Zürich Altstetten|01:33,1,2035|07620|shift_arrival_line_later|H / S 7|1|Schlieren|01:29|Zürich Altstetten|01:33,promising_for_targeted_reroute,,shift_arrival_line_later,112.771842,112.771842,0.0,112.771842,112.771842,0.0,0.0,0.0,0.0,0.0,0.0,30,0,0,0,0,0,112.77184,112.77184,30,improve_existing_transfer,Zürich Altstetten,H / S 7->F / S 16; H / S 7->IR 36; H / S 7->IR 55,Zürich Altstetten,H / S 7->F / S 16; H / S 7->IR 36; H / S 7->IR 55,05:33->05:38; 05:33->05:44; 05:33->05:45; 07:33->07:38; 07:33->07:44; 07:33->07:45; 09:33->09:38; 09:33->09:44; 09:33->09:45; 11:33->11:38; 11:33->11:44; 11:33->11:45; 13:33->13:38; 13:33->13:44; 13:33->13:45; 15:33->15:38; 15:33->15:44; 15:33->15:45; 17:33->17:38; 17:33->17:44,Reduce current 11min transfer toward station minimum 2min.; Reduce current 12min transfer toward station minimum 2min.; Reduce current 5min transfer toward station minimum 2min.,0,1,,expanded_delta_from_existing_transfer_context,8,0,0.015372715,0.0,728.25336,,,,,2035
16,9,0,1,accepted_step3_resume_suggestion,2035,Q / S 15,1,Wetzikon ZH,01:32,Uster,01:37,2035|physical|Q / S 15|1|Wetzikon ZH|01:32|Uster|01:37,2035|physical|Q / S 15|1|Wetzikon ZH|01:32|Uster|01:37,725.634967,1966.396976,7622,0.0,-0.369017536,733.553842,6337.233071,Uster; Wetzikon ZH,2,2,Altmatt->dest_idx_307 weight=0 total 146.000->146.000,,,accepted,,5603.679229,shift_arrival_line_later,2035|07017|shift_arrival_line_later|Q / S 15|1|Wetzikon ZH|01:32|Uster|01:37,1,2035|07017|shift_arrival_line_later|Q / S 15|1|Wetzikon ZH|01:32|Uster|01:37,promising_for_targeted_reroute,,shift_arrival_line_later,127.615,127.615,0.0,127.615,127.615,0.0,0.0,0.0,0.0,0.0,0.0,10,10,0,10,0,0,127.615,127.615,10,improve_existing_transfer,Uster,Q / S 15->L / S 19,Uster; Wetzikon ZH,E / S 5->Q / S 15; Q / S 15->L / S 19,05:37->05:40; 07:37->07:40; 09:37->09:40; 11:37->11:40; 13:37->13:40; 15:37->15:40; 17:37->17:40; 19:37->19:40; 21:37->21:40; 23:37->23:40,Reduce current 3min transfer toward station minimum 2min.,2,1,,expanded_delta_from_existing_transfer_context,9,0,0.00540307,0.0,725.634967,,,,,2035
